http://localhost/login.php,55
http://localhost/execute_func.php,87
http://localhost/execute_func.php,89
http://localhost/execute_func.php,87
http://localhost/login.php,78
http://localhost/execute_func.php,111
http://localhost/execute_func.php,85
http://localhost/execute_func.php,82
http://localhost/execute_func.php,81
http://localhost/execute_func.php,83
http://localhost/execute_func.php,82
http://localhost/execute_func.php,82
http://localhost/login.php,55
http://localhost/execute_func.php,85
http://localhost/execute_func.php,84
http://localhost/execute_func.php,86
http://localhost/execute_func.php,85
http://localhost/execute_func.php,94
http://localhost/execute_func.php,94
http://localhost/execute_func.php,88
http://localhost/execute_func.php,86
http://localhost/execute_func.php,90
http://localhost/execute_func.php,92
http://localhost/execute_func.php,89
http://localhost/execute_func.php,89
http://localhost/execute_func.php,85
http://localhost/execute_func.php,96
http://localhost/execute_func.php,92
http://localhost/execute_func.php,83
http://localhost/execute_func.php,92
http://localhost/execute_func.php,87
http://localhost/execute_func.php,85
http://localhost/execute_func.php,84
http://localhost/execute_func.php,89
http://localhost/execute_func.php,86
http://localhost/execute_func.php,89
http://localhost/execute_func.php,89
http://localhost/execute_func.php,86
http://localhost/execute_func.php,87
http://localhost/execute_func.php,83
http://localhost/execute_func.php,88
http://localhost/execute_func.php,86
http://localhost/execute_func.php,87
http://localhost/execute_func.php,88
http://localhost/execute_func.php,81
http://localhost/execute_func.php,99
http://localhost/execute_func.php,104
http://localhost/execute_func.php,84
http://localhost/execute_func.php,87
http://localhost/execute_func.php,85
http://localhost/execute_func.php,88
http://localhost/execute_func.php,86
http://localhost/execute_func.php,95
http://localhost/execute_func.php,94
http://localhost/execute_func.php,84
http://localhost/execute_func.php,88
http://localhost/execute_func.php,91
http://localhost/execute_func.php,90
http://localhost/execute_func.php,86
http://localhost/execute_func.php,91
http://localhost/execute_func.php,91
http://localhost/execute_func.php,90
http://localhost/execute_func.php,87
http://localhost/execute_func.php,86
http://localhost/execute_func.php,92
http://localhost/execute_func.php,90
http://localhost/execute_func.php,89
http://localhost/execute_func.php,83
http://localhost/execute_func.php,90
http://localhost/execute_func.php,94
http://localhost/execute_func.php,96
http://localhost/execute_func.php,86
http://localhost/execute_func.php,93
http://localhost/execute_func.php,85
http://localhost/execute_func.php,87
http://localhost/execute_func.php,75
http://localhost/execute_func.php,85
http://localhost/execute_func.php,90
http://localhost/execute_func.php,84
http://localhost/execute_func.php,90
http://localhost/execute_func.php,88
http://localhost/execute_func.php,91
http://localhost/execute_func.php,85
http://localhost/execute_func.php,89
http://localhost/execute_func.php,90
http://localhost/execute_func.php,84
http://localhost/execute_func.php,87
http://localhost/execute_func.php,89
http://localhost/execute_func.php,87
http://localhost/execute_func.php,86
http://localhost/execute_func.php,99
http://localhost/execute_func.php,100
http://localhost/execute_func.php,89
http://localhost/execute_func.php,89
http://localhost/execute_func.php,75
http://localhost/execute_func.php,96
http://localhost/execute_func.php,98
http://localhost/execute_func.php,97
http://localhost/execute_func.php,83
http://localhost/execute_func.php,73
http://localhost/execute_func.php,93
http://localhost/execute_func.php,87
http://localhost/execute_func.php,84
http://localhost/execute_func.php,88
http://localhost/execute_func.php,87
http://localhost/execute_func.php,90
http://localhost/execute_func.php,87
http://localhost/execute_func.php,87
http://localhost/execute_func.php,84
http://localhost/execute_func.php,83
http://localhost/execute_func.php,84
http://localhost/execute_func.php,82
http://localhost/execute_func.php,93
http://localhost/execute_func.php,100
http://localhost/execute_func.php,85
http://localhost/execute_func.php,85
http://localhost/execute_func.php,83
http://localhost/execute_func.php,87
http://localhost/execute_func.php,86
http://localhost/execute_func.php,93
http://localhost/execute_func.php,92
http://localhost/execute_func.php,92
http://localhost/execute_func.php,85
http://localhost/execute_func.php,87
http://localhost/execute_func.php,85
http://localhost/execute_func.php,89
http://localhost/execute_func.php,90
http://localhost/execute_func.php,88
http://localhost/execute_func.php,89
http://localhost/execute_func.php,91
http://localhost/execute_func.php,90
http://localhost/execute_func.php,86
http://localhost/execute_func.php,91
http://localhost/execute_func.php,87
http://localhost/execute_func.php,92
http://localhost/execute_func.php,91
http://localhost/execute_func.php,85
http://localhost/execute_func.php,78
http://localhost/execute_func.php,87
http://localhost/execute_func.php,85
http://localhost/execute_func.php,90
http://localhost/execute_func.php,83
http://localhost/execute_func.php,85
http://localhost/execute_func.php,92
http://localhost/execute_func.php,80
http://localhost/execute_func.php,90
http://localhost/execute_func.php,92
http://localhost/execute_func.php,96
http://localhost/execute_func.php,90
http://localhost/execute_func.php,99
http://localhost/execute_func.php,88
http://localhost/execute_func.php,114
http://localhost/execute_func.php,90
http://localhost/execute_func.php,88
http://localhost/execute_func.php,85
http://localhost/execute_func.php,86
http://localhost/execute_func.php,98
http://localhost/execute_func.php,102
http://localhost/execute_func.php,86
http://localhost/execute_func.php,78
http://localhost/execute_func.php,86
http://localhost/execute_func.php,90
http://localhost/execute_func.php,80
http://localhost/execute_func.php,89
http://localhost/execute_func.php,85
http://localhost/execute_func.php,92
http://localhost/execute_func.php,91
http://localhost/execute_func.php,92
http://localhost/execute_func.php,93
http://localhost/execute_func.php,98
http://localhost/execute_func.php,94
http://localhost/execute_func.php,91
http://localhost/execute_func.php,89
http://localhost/execute_func.php,86
http://localhost/execute_func.php,89
http://localhost/execute_func.php,94
http://localhost/execute_func.php,91
http://localhost/execute_func.php,84
http://localhost/execute_func.php,80
http://localhost/execute_func.php,96
http://localhost/execute_func.php,86
http://localhost/execute_func.php,84
http://localhost/execute_func.php,86
http://localhost/execute_func.php,97
http://localhost/execute_func.php,93
http://localhost/execute_func.php,88
http://localhost/execute_func.php,78
http://localhost/execute_func.php,94
http://localhost/execute_func.php,97
http://localhost/execute_func.php,88
http://localhost/execute_func.php,84
http://localhost/execute_func.php,94
http://localhost/execute_func.php,88
http://localhost/execute_func.php,102
http://localhost/execute_func.php,87
http://localhost/execute_func.php,87
http://localhost/execute_func.php,89
http://localhost/execute_func.php,85
http://localhost/execute_func.php,84
http://localhost/execute_func.php,84
http://localhost/execute_func.php,88
http://localhost/execute_func.php,85
http://localhost/execute_func.php,87
http://localhost/execute_func.php,95
http://localhost/execute_func.php,77
http://localhost/execute_func.php,86
http://localhost/execute_func.php,86
http://localhost/execute_func.php,85
http://localhost/execute_func.php,92
http://localhost/execute_func.php,89
http://localhost/execute_func.php,90
http://localhost/execute_func.php,93
http://localhost/execute_func.php,77
http://localhost/execute_func.php,91
http://localhost/execute_func.php,92
http://localhost/execute_func.php,88
http://localhost/execute_func.php,100
http://localhost/execute_func.php,91
http://localhost/execute_func.php,89
http://localhost/execute_func.php,95
http://localhost/execute_func.php,89
http://localhost/execute_func.php,89
http://localhost/execute_func.php,88
http://localhost/execute_func.php,92
http://localhost/execute_func.php,78
http://localhost/execute_func.php,95
http://localhost/execute_func.php,91
http://localhost/execute_func.php,83
http://localhost/execute_func.php,89
http://localhost/execute_func.php,96
http://localhost/execute_func.php,97
http://localhost/execute_func.php,93
http://localhost/execute_func.php,84
http://localhost/execute_func.php,88
http://localhost/execute_func.php,91
http://localhost/execute_func.php,84
http://localhost/execute_func.php,80
http://localhost/execute_func.php,89
http://localhost/execute_func.php,87
http://localhost/execute_func.php,86
http://localhost/execute_func.php,81
http://localhost/execute_func.php,86
http://localhost/execute_func.php,96
http://localhost/execute_func.php,92
http://localhost/execute_func.php,81
http://localhost/execute_func.php,87
http://localhost/execute_func.php,88
http://localhost/execute_func.php,90
http://localhost/execute_func.php,85
http://localhost/execute_func.php,88
http://localhost/execute_func.php,87
http://localhost/execute_func.php,91
http://localhost/execute_func.php,87
http://localhost/execute_func.php,90
http://localhost/execute_func.php,92
http://localhost/execute_func.php,91
http://localhost/execute_func.php,89
http://localhost/execute_func.php,87
http://localhost/execute_func.php,84
http://localhost/execute_func.php,89
http://localhost/execute_func.php,89
http://localhost/execute_func.php,89
http://localhost/execute_func.php,95
http://localhost/execute_func.php,96
http://localhost/execute_func.php,86
http://localhost/execute_func.php,91
http://localhost/execute_func.php,84
http://localhost/execute_func.php,88
http://localhost/execute_func.php,90
http://localhost/execute_func.php,87
http://localhost/execute_func.php,88
http://localhost/execute_func.php,88
http://localhost/execute_func.php,88
http://localhost/execute_func.php,93
http://localhost/execute_func.php,88
http://localhost/execute_func.php,86
http://localhost/execute_func.php,88
http://localhost/execute_func.php,84
http://localhost/execute_func.php,88
http://localhost/execute_func.php,88
http://localhost/execute_func.php,74
http://localhost/execute_func.php,94
http://localhost/execute_func.php,83
http://localhost/execute_func.php,86
http://localhost/execute_func.php,94
http://localhost/execute_func.php,83
http://localhost/execute_func.php,87
http://localhost/execute_func.php,87
http://localhost/execute_func.php,86
http://localhost/execute_func.php,90
http://localhost/execute_func.php,83
http://localhost/execute_func.php,89
http://localhost/execute_func.php,92
http://localhost/execute_func.php,88
http://localhost/execute_func.php,88
http://localhost/execute_func.php,92
http://localhost/execute_func.php,94
http://localhost/execute_func.php,79
http://localhost/execute_func.php,89
http://localhost/execute_func.php,89
http://localhost/execute_func.php,89
http://localhost/execute_func.php,81
http://localhost/execute_func.php,84
http://localhost/execute_func.php,92
http://localhost/execute_func.php,96
http://localhost/execute_func.php,85
http://localhost/execute_func.php,95
http://localhost/execute_func.php,79
http://localhost/execute_func.php,101
http://localhost/execute_func.php,99
http://localhost/execute_func.php,87
http://localhost/execute_func.php,90
http://localhost/execute_func.php,84
http://localhost/execute_func.php,87
http://localhost/execute_func.php,88
http://localhost/execute_func.php,91
http://localhost/execute_func.php,96
http://localhost/execute_func.php,87
http://localhost/execute_func.php,88
http://localhost/execute_func.php,91
http://localhost/execute_func.php,99
http://localhost/execute_func.php,93
http://localhost/execute_func.php,92
http://localhost/execute_func.php,86
http://localhost/execute_func.php,84
http://localhost/execute_func.php,90
http://localhost/execute_func.php,84
http://localhost/execute_func.php,88
http://localhost/execute_func.php,86
http://localhost/execute_func.php,84
http://localhost/execute_func.php,89
http://localhost/execute_func.php,87
http://localhost/execute_func.php,102
http://localhost/execute_func.php,104
http://localhost/execute_func.php,96
http://localhost/execute_func.php,90
http://localhost/execute_func.php,90
http://localhost/execute_func.php,89
http://localhost/execute_func.php,82
http://localhost/execute_func.php,94
http://localhost/execute_func.php,96
http://localhost/execute_func.php,91
http://localhost/execute_func.php,86
http://localhost/execute_func.php,87
http://localhost/execute_func.php,85
http://localhost/execute_func.php,85
http://localhost/execute_func.php,92
http://localhost/execute_func.php,79
http://localhost/execute_func.php,85
http://localhost/execute_func.php,88
http://localhost/execute_func.php,85
http://localhost/execute_func.php,95
http://localhost/execute_func.php,88
http://localhost/execute_func.php,97
http://localhost/execute_func.php,93
http://localhost/execute_func.php,86
http://localhost/execute_func.php,85
http://localhost/execute_func.php,85
http://localhost/execute_func.php,85
http://localhost/execute_func.php,85
http://localhost/execute_func.php,87
http://localhost/execute_func.php,92
http://localhost/execute_func.php,79
http://localhost/execute_func.php,86
http://localhost/execute_func.php,87
http://localhost/execute_func.php,95
http://localhost/execute_func.php,89
http://localhost/execute_func.php,89
http://localhost/execute_func.php,81
http://localhost/execute_func.php,89
http://localhost/execute_func.php,84
http://localhost/execute_func.php,85
http://localhost/execute_func.php,87
http://localhost/execute_func.php,86
http://localhost/execute_func.php,87
http://localhost/execute_func.php,91
http://localhost/execute_func.php,91
http://localhost/execute_func.php,86
http://localhost/execute_func.php,85
http://localhost/execute_func.php,84
http://localhost/execute_func.php,94
http://localhost/execute_func.php,89
http://localhost/execute_func.php,89
http://localhost/execute_func.php,91
http://localhost/execute_func.php,85
http://localhost/execute_func.php,88
http://localhost/execute_func.php,91
http://localhost/execute_func.php,89
http://localhost/execute_func.php,90
http://localhost/execute_func.php,98
http://localhost/execute_func.php,84
http://localhost/execute_func.php,93
http://localhost/execute_func.php,88
http://localhost/execute_func.php,92
http://localhost/execute_func.php,90
http://localhost/execute_func.php,86
http://localhost/execute_func.php,87
http://localhost/execute_func.php,103
http://localhost/execute_func.php,102
http://localhost/execute_func.php,92
http://localhost/execute_func.php,95
http://localhost/execute_func.php,87
http://localhost/execute_func.php,90
http://localhost/execute_func.php,87
http://localhost/execute_func.php,91
http://localhost/execute_func.php,90
http://localhost/execute_func.php,92
http://localhost/execute_func.php,82
http://localhost/execute_func.php,88
http://localhost/execute_func.php,87
http://localhost/execute_func.php,94
http://localhost/execute_func.php,98
http://localhost/execute_func.php,89
http://localhost/execute_func.php,93
http://localhost/execute_func.php,86
http://localhost/execute_func.php,84
http://localhost/execute_func.php,82
http://localhost/execute_func.php,92
http://localhost/execute_func.php,86
http://localhost/execute_func.php,93
http://localhost/execute_func.php,85
http://localhost/execute_func.php,92
http://localhost/execute_func.php,84
http://localhost/execute_func.php,88
http://localhost/execute_func.php,77
http://localhost/execute_func.php,87
http://localhost/execute_func.php,85
http://localhost/execute_func.php,86
http://localhost/execute_func.php,84
http://localhost/execute_func.php,90
http://localhost/execute_func.php,94
http://localhost/execute_func.php,87
http://localhost/execute_func.php,87
http://localhost/execute_func.php,85
http://localhost/execute_func.php,87
http://localhost/execute_func.php,81
http://localhost/execute_func.php,90
http://localhost/execute_func.php,90
http://localhost/execute_func.php,87
http://localhost/execute_func.php,88
http://localhost/execute_func.php,87
http://localhost/execute_func.php,87
http://localhost/execute_func.php,89
http://localhost/execute_func.php,87
http://localhost/execute_func.php,89
http://localhost/execute_func.php,93
http://localhost/execute_func.php,86
http://localhost/execute_func.php,89
http://localhost/execute_func.php,88
http://localhost/execute_func.php,85
http://localhost/execute_func.php,85
http://localhost/execute_func.php,92
http://localhost/execute_func.php,92
http://localhost/execute_func.php,98
http://localhost/execute_func.php,90
http://localhost/execute_func.php,88
http://localhost/execute_func.php,94
http://localhost/execute_func.php,88
http://localhost/execute_func.php,89
http://localhost/execute_func.php,90
http://localhost/execute_func.php,87
http://localhost/execute_func.php,89
http://localhost/execute_func.php,87
http://localhost/execute_func.php,91
http://localhost/execute_func.php,86
http://localhost/execute_func.php,89
http://localhost/execute_func.php,90
http://localhost/execute_func.php,90
http://localhost/execute_func.php,88
http://localhost/execute_func.php,84
http://localhost/execute_func.php,89
http://localhost/execute_func.php,89
http://localhost/execute_func.php,86
http://localhost/execute_func.php,85
http://localhost/execute_func.php,87
http://localhost/execute_func.php,84
http://localhost/execute_func.php,86
http://localhost/execute_func.php,84
http://localhost/execute_func.php,85
http://localhost/execute_func.php,90
http://localhost/execute_func.php,89
http://localhost/execute_func.php,90
http://localhost/execute_func.php,90
http://localhost/execute_func.php,88
http://localhost/execute_func.php,95
http://localhost/execute_func.php,93
http://localhost/execute_func.php,84
http://localhost/execute_func.php,87
http://localhost/execute_func.php,87
http://localhost/execute_func.php,90
http://localhost/execute_func.php,87
http://localhost/execute_func.php,91
http://localhost/execute_func.php,86
http://localhost/execute_func.php,86
http://localhost/execute_func.php,93
http://localhost/execute_func.php,95
http://localhost/execute_func.php,84
http://localhost/execute_func.php,86
http://localhost/execute_func.php,90
http://localhost/execute_func.php,88
http://localhost/execute_func.php,91
http://localhost/execute_func.php,88
http://localhost/execute_func.php,89
http://localhost/execute_func.php,92
http://localhost/execute_func.php,88
http://localhost/execute_func.php,103
http://localhost/execute_func.php,97
http://localhost/execute_func.php,97
http://localhost/execute_func.php,90
http://localhost/execute_func.php,95
http://localhost/execute_func.php,85
http://localhost/execute_func.php,88
http://localhost/execute_func.php,85
http://localhost/execute_func.php,90
http://localhost/execute_func.php,92
http://localhost/execute_func.php,84
http://localhost/execute_func.php,93
http://localhost/execute_func.php,102
http://localhost/execute_func.php,95
http://localhost/execute_func.php,91
http://localhost/execute_func.php,89
http://localhost/execute_func.php,91
http://localhost/execute_func.php,96
http://localhost/execute_func.php,101
http://localhost/execute_func.php,103
http://localhost/execute_func.php,93
http://localhost/execute_func.php,86
http://localhost/execute_func.php,95
http://localhost/execute_func.php,93
http://localhost/execute_func.php,86
http://localhost/execute_func.php,84
http://localhost/execute_func.php,89
http://localhost/execute_func.php,87
http://localhost/execute_func.php,74
http://localhost/execute_func.php,80
http://localhost/execute_func.php,86
http://localhost/execute_func.php,93
http://localhost/execute_func.php,84
http://localhost/execute_func.php,89
http://localhost/execute_func.php,92
http://localhost/execute_func.php,98
http://localhost/execute_func.php,95
http://localhost/execute_func.php,88
http://localhost/execute_func.php,87
http://localhost/execute_func.php,89
http://localhost/execute_func.php,88
http://localhost/execute_func.php,93
http://localhost/execute_func.php,88
http://localhost/execute_func.php,88
http://localhost/execute_func.php,85
http://localhost/execute_func.php,91
http://localhost/execute_func.php,88
http://localhost/execute_func.php,88
http://localhost/execute_func.php,89
http://localhost/execute_func.php,87
http://localhost/execute_func.php,86
http://localhost/execute_func.php,87
http://localhost/execute_func.php,86
http://localhost/execute_func.php,86
http://localhost/execute_func.php,92
http://localhost/execute_func.php,90
http://localhost/execute_func.php,89
http://localhost/execute_func.php,88
http://localhost/execute_func.php,88
http://localhost/execute_func.php,91
http://localhost/execute_func.php,88
http://localhost/execute_func.php,84
http://localhost/execute_func.php,91
http://localhost/execute_func.php,88
http://localhost/execute_func.php,90
http://localhost/execute_func.php,93
http://localhost/execute_func.php,88
http://localhost/execute_func.php,95
http://localhost/execute_func.php,89
http://localhost/execute_func.php,89
http://localhost/execute_func.php,95
http://localhost/execute_func.php,88
http://localhost/execute_func.php,84
http://localhost/execute_func.php,91
http://localhost/execute_func.php,89
http://localhost/execute_func.php,95
http://localhost/execute_func.php,86
http://localhost/execute_func.php,87
http://localhost/execute_func.php,84
http://localhost/execute_func.php,88
http://localhost/execute_func.php,93
http://localhost/execute_func.php,89
http://localhost/execute_func.php,87
http://localhost/execute_func.php,88
http://localhost/execute_func.php,89
http://localhost/execute_func.php,86
http://localhost/logout.php,0
http://localhost/execute_func.php,83
http://localhost/execute_func.php,83
http://localhost/execute_func.php,86
http://localhost/execute_func.php,85
http://localhost/execute_func.php,89
http://localhost/execute_func.php,88
http://localhost/execute_func.php,82
http://localhost/logout.php,0
http://localhost/execute_func.php,81
http://localhost/execute_func.php,79
http://localhost/execute_func.php,108
http://localhost/execute_func.php,104
http://localhost/execute_func.php,104
http://localhost/logout.php,0
